first_name,last_name,email
Tally,Breissan,tbreissan0@marriott.com
Uta,Misselbrook,umisselbrook1@wikipedia.org
Woodie,O' Dooley,wodooley2@yandex.ru
Sharona,Umfrey,sumfrey3@parallels.com
Gerladina,Skeldon,gskeldon4@cnbc.com
Hilliary,Skene,hskene5@auda.org.au
Gerry,Barrell,gbarrell6@deliciousdays.com
Abby,Poupard,apoupard7@drupal.org
Jana,Nolleth,jnolleth8@nsw.gov.au
Feodor lol,Goodwyn,fgoodwyn9@privacy.gov.au